Merge k sorted arrays | Set 1 - GeeksforGeeks,"{'C++': 7, 'Java': 6, 'C#': 6, 'Javascript': 5}",,,,,,
C++,"/*C++ program to merge k sorted arrays of size n each.*/

#include<bits/stdc++.h>
using namespace std;
#define n 4
","/*This function takes an array of arrays as an argument and
All arrays are assumed to be sorted. It merges them together
and prints the final sorted output.*/

void mergeKArrays(int arr[][n], int a, int output[])
{
    int c=0;
","/*    traverse the matrix*/

    for(int i=0; i<a; i++)
    {
        for(int j=0; j<n ;j++)
            output[c++]=arr[i][j];
    }
","/*    sort the array*/

    sort(output,output + n*a);
}
","/*A utility function to print array elements*/

void printArray(int arr[], int size)
{
   for (int i=0; i < size; i++)
       cout << arr[i] << "" "";
}
","/*Driver program to test above functions*/

int main()
{
    int arr[][n] =  {{2, 6, 12, 34},
                     {1, 9, 20, 1000},
                     {23, 34, 90, 2000}};
    int k = sizeof(arr)/sizeof(arr[0]);
    int output[n*k];
    mergeKArrays(arr, 3, output);
    cout << ""Merged array is "" << endl;
    printArray(output, n*k);
    return 0;
}",
Java,"/*Java program to merge k sorted arrays of size n each.*/

import java.io.*;
import java.util.*;
class GFG {
","/*    This function takes an array of arrays as an argument
    and
    All arrays are assumed to be sorted. It merges them
    together and prints the final sorted output.*/

    public static void mergeKArrays(int[][] arr, int a,
                                    int[] output)
    {
        int c = 0;
","/*        traverse the matrix*/

        for (int i = 0; i < a; i++) {
            for (int j = 0; j < 4; j++)
                output[c++] = arr[i][j];
        }
","/*        sort the array*/

        Arrays.sort(output);
    }
","/*    A utility function to print array elements*/

    public static void printArray(int[] arr, int size)
    {
        for (int i = 0; i < size; i++)
            System.out.print(arr[i] + "" "");
    }
","/*    Driver program to test above functions*/

    public static void main(String[] args)
    {
        int[][] arr = { { 2, 6, 12, 34 },
                        { 1, 9, 20, 1000 },
                        { 23, 34, 90, 2000 } };
        int k = 4;
        int n = 3;
        int[] output = new int[n * k];
        mergeKArrays(arr, n, output);
        System.out.println(""Merged array is "");
        printArray(output, n * k);
    }
}",
Python,,,,,,,
C#,"/*C# program to merge k sorted arrays of size n each.*/

using System;
public class GFG
{
","/*  This function takes an array of arrays as an argument
  and
  All arrays are assumed to be sorted. It merges them
  together and prints the readonly sorted output.*/

  public static void mergeKArrays(int[,] arr, int a,
                                  int[] output)
  {
    int c = 0;
","/*    traverse the matrix*/

    for (int i = 0; i < a; i++)
    {
      for (int j = 0; j < 4; j++)
        output[c++] = arr[i,j];
    }
","/*    sort the array*/

    Array.Sort(output);
  }
","/*  A utility function to print array elements*/

  public static void printArray(int[] arr, int size)
  {
    for (int i = 0; i < size; i++)
      Console.Write(arr[i] + "" "");
  }
","/*  Driver program to test above functions*/

  public static void Main(String[] args)
  {
    int[,] arr = { { 2, 6, 12, 34 },
                  { 1, 9, 20, 1000 },
                  { 23, 34, 90, 2000 } };
    int k = 4;
    int n = 3;
    int[] output = new int[n * k];
    mergeKArrays(arr, n, output);
    Console.WriteLine(""Merged array is "");
    printArray(output, n * k);
  }
}",
Javascript,"/*Javascript program to merge k sorted
arrays of size n each.*/
"," /*   This function takes an array of
    arrays as an argument and
    All arrays are assumed to be sorted.
    It merges them together and prints
    the final sorted output.*/

    function mergeKArrays(arr , a,  output)
    {
        var c = 0;
","/*        traverse the matrix*/

        for (i = 0; i < a; i++) {
            for (j = 0; j < 4; j++)
                output[c++] = arr[i][j];
        }
","/*        sort the array*/

        output.sort((a,b)=>a-b);
    }
","/*    A utility function to print array elements*/

    function printArray(arr , size) {
        for (i = 0; i < size; i++)
            document.write(arr[i] + "" "");
    }
","/*    Driver program to test above functions*/

        var arr = [ [ 2, 6, 12, 34 ],
                    [ 1, 9, 20, 1000 ],
                    [ 23, 34, 90, 2000 ] ];
        var k = 4;
        var n = 3;
        var output = Array(n * k).fill(0);
        mergeKArrays(arr, n, output);
        document.write(""Merged array is "");
        printArray(output, n * k);",
PHP,,,,,,,
C,,,,,,,
