Rearrange characters in a string such that no two adjacent are same - GeeksforGeeks,"{'C++': 15, 'Java': 14}",,,,,,,,,,,,,,,
C++,"/*C++ program to rearrange characters in a string
so that no two adjacent characters are same.*/

#include <bits/stdc++.h>
using namespace std;
const int MAX_CHAR = 26;
struct Key {
",,"/*store frequency of character*/

int freq; 
    char ch;
","/*    function for priority_queue to store Key
    according to freq*/

    bool operator<(const Key& k) const
    {
        return freq < k.freq;
    }
};
","/*Function to rearrange character of a string
so that no char repeat twice*/

void rearrangeString(string str)
{
    int n = str.length();
","/*    Store frequencies of all characters in string*/

    int count[MAX_CHAR] = { 0 };
    for (int i = 0; i < n; i++)
        count[str[i] - 'a']++;
","/*    Insert all characters with their frequencies
    into a priority_queue*/

    priority_queue<Key> pq;
   for (char c = 'a'; c <= 'z'; c++) {
          int val = c - 'a';
        if (count[val]) {
            pq.push(Key{ count[val], c });
        }
    }
","/*    'str' that will store resultant value*/

    str = """";
","/*    work as the previous visited element
    initial previous element be. ( '#' and
    it's frequency '-1' )*/

    Key prev{ -1, '#' };
","/*    traverse queue*/

    while (!pq.empty()) {
","/*        pop top element from queue and add it
        to string.*/

        Key k = pq.top();
        pq.pop();
        str = str + k.ch;
","/*        IF frequency of previous character is less
        than zero that means it is useless, we
        need not to push it*/

        if (prev.freq > 0)
            pq.push(prev);
","/*        make current character as the previous 'char'
        decrease frequency by 'one'*/

        (k.freq)--;
        prev = k;
    }
","/*    If length of the resultant string and original
    string is not same then string is not valid*/

    if (n != str.length())
        cout << "" Not valid String "" << endl;
","/*valid string*/

else 
        cout << str << endl;
}
","/*Driver program to test above function*/

int main()
{
    string str = ""bbbaa"";
    rearrangeString(str);
    return 0;
}"
Java,"/*Java program to rearrange characters in a string
so that no two adjacent characters are same.*/

import java.io.*;
import java.util.*;
class KeyComparator implements Comparator<Key> {
","/*    Overriding compare()method of Comparator*/

    public int compare(Key k1, Key k2)
    {
        if (k1.freq < k2.freq)
            return 1;
        else if (k1.freq > k2.freq)
            return -1;
        return 0;
    }
}
class Key {
","/*store frequency of character*/

int freq; 
    char ch;
    Key(int val, char c)
    {
        freq = val;
        ch = c;
    }
}
class GFG {
    static int MAX_CHAR = 26;
",,"/*    Function to rearrange character of a string
    so that no char repeat twice*/

    static void rearrangeString(String str)
    {
        int n = str.length();
","/*        Store frequencies of all characters in string*/

        int[] count = new int[MAX_CHAR];
        for (int i = 0; i < n; i++)
            count[str.charAt(i) - 'a']++;
","/*        Insert all characters with their frequencies
        into a priority_queue*/

        PriorityQueue<Key> pq
            = new PriorityQueue<>(new KeyComparator());
        for (char c = 'a'; c <= 'z'; c++) {
            int val = c - 'a';
            if (count[val] > 0)
                pq.add(new Key(count[val], c));
        }
","/*        'str' that will store resultant value*/

        str = """";
","/*        work as the previous visited element
        initial previous element be. ( '#' and
        it's frequency '-1' )*/

        Key prev = new Key(-1, '#');
","/*        traverse queue*/

        while (pq.size() != 0) {
","/*            pop top element from queue and add it
            to string.*/

            Key k = pq.peek();
            pq.poll();
            str = str + k.ch;
","/*            If frequency of previous character is less
            than zero that means it is useless, we
            need not to push it*/

            if (prev.freq > 0)
                pq.add(prev);
","/*            make current character as the previous 'char'
            decrease frequency by 'one'*/

            (k.freq)--;
            prev = k;
        }
","/*        If length of the resultant string and original
        string is not same then string is not valid*/

        if (n != str.length())
            System.out.println("" Not valid String "");

","/*valid string*/

        else
            System.out.println(str);
    }","/*    Driver program to test above function*/

    public static void main(String args[])
    {
        String str = ""bbbaa"";
        rearrangeString(str);
    }
}"
Python,,,,,,,,,,,,,,,,
C#,,,,,,,,,,,,,,,,
Javascript,,,,,,,,,,,,,,,,
PHP,,,,,,,,,,,,,,,,
C,,,,,,,,,,,,,,,,
