Maximum distance between two occurrences of same element in array - GeeksforGeeks,"{'C++': 7, 'Java': 7, 'Python': 7, 'C#': 7, 'Javascript': 7}",,,,,,,
C++,"/*C++ program to find maximum distance between two
same occurrences of a number.*/

#include<bits/stdc++.h>
using namespace std;
","/*Function to find maximum distance between equal elements*/

int maxDistance(int arr[], int n)
{
","/*    Used to store element to first index mapping*/

    unordered_map<int, int> mp;
","/*    Traverse elements and find maximum distance between
    same occurrences with the help of map.*/

    int max_dist = 0;
    for (int i=0; i<n; i++)
    {
","/*        If this is first occurrence of element, insert its
        index in map*/

        if (mp.find(arr[i]) == mp.end())
            mp[arr[i]] = i;
","/*        Else update max distance*/

        else
            max_dist = max(max_dist, i - mp[arr[i]]);
    }
    return max_dist;
}
","/*Driver program to run the case*/

int main()
{
    int arr[] = {3, 2, 1, 2, 1, 4, 5, 8, 6, 7, 4, 2};
    int n = sizeof(arr)/sizeof(arr[0]);
    cout << maxDistance(arr, n);
    return 0;
}",
Java,"/*Java program to find maximum distance between two
same occurrences of a number.*/

import java.io.*;
import java.util.*;
class GFG
{
","/*    Function to find maximum distance between equal elements*/

    static int maxDistance(int[] arr, int n)
    {
","/*        Used to store element to first index mapping*/

        HashMap<Integer, Integer> map = new HashMap<>();
","/*        Traverse elements and find maximum distance between
        same occurrences with the help of map.*/

        int max_dist = 0;
        for (int i = 0; i < n; i++)
        {
","/*            If this is first occurrence of element, insert its
            index in map*/

            if (!map.containsKey(arr[i]))
                map.put(arr[i], i);
","/*            Else update max distance*/

            else
                max_dist = Math.max(max_dist, i - map.get(arr[i]));
        }
        return max_dist;
}
","/*Driver code*/

public static void main(String args[])
{
    int[] arr = {3, 2, 1, 2, 1, 4, 5, 8, 6, 7, 4, 2};
    int n = arr.length;
    System.out.println(maxDistance(arr, n));
}
}",
Python," '''Python program to find maximum distance between two
same occurrences of a number.'''

"," '''Function to find maximum distance between equal elements'''

def maxDistance(arr, n):"," '''    Used to store element to first index mapping'''

    mp = {}
"," '''    Traverse elements and find maximum distance between
    same occurrences with the help of map.'''

    maxDict = 0
    for i in range(n):
"," '''        If this is first occurrence of element, insert its
        index in map'''

        if arr[i] not in mp.keys():
            mp[arr[i]] = i
"," '''        Else update max distance'''

        else:
            maxDict = max(maxDict, i-mp[arr[i]])
    return maxDict
"," '''Driver Program'''

if __name__=='__main__':
    arr = [3, 2, 1, 2, 1, 4, 5, 8, 6, 7, 4, 2]
    n = len(arr)
    print maxDistance(arr, n)
",
C#,"/*C# program to find maximum distance between two
same occurrences of a number.*/

using System;
using System.Collections.Generic;
class GFG
{
","/*    Function to find maximum distance between equal elements*/

    static int maxDistance(int[] arr, int n)
    {
","/*        Used to store element to first index mapping*/

        Dictionary<int, int> map = new Dictionary<int, int>();
","/*        Traverse elements and find maximum distance between
        same occurrences with the help of map.*/

        int max_dist = 0;
        for (int i = 0; i < n; i++)
        {
","/*            If this is first occurrence of element, insert its
            index in map*/

            if (!map.ContainsKey(arr[i]))
                map.Add(arr[i], i);
","/*            Else update max distance*/

            else
                max_dist = Math.Max(max_dist, i - map[arr[i]]);
        }
        return max_dist;
}
","/*Driver code*/

public static void Main(String []args)
{
    int[] arr = {3, 2, 1, 2, 1, 4, 5, 8, 6, 7, 4, 2};
    int n = arr.Length;
    Console.WriteLine(maxDistance(arr, n));
}
}",
Javascript,"/*Javascript program to find maximum distance between two
same occurrences of a number.
    */","/*Function to find maximum distance between equal elements*/

    function maxDistance(arr, n)
    {
","/*        Used to store element to first index mapping*/

        let map = new Map();
","/*        Traverse elements and find maximum distance between
        same occurrences with the help of map.*/

        let max_dist = 0;
        for (let i = 0; i < n; i++)
        {
","/*            If this is first occurrence of element, insert its
            index in map*/

            if (!map.has(arr[i]))
                map.set(arr[i], i);
","/*            Else update max distance*/

            else
                max_dist = Math.max(max_dist, i - map.get(arr[i]));
        }
        return max_dist;
}
","/*Driver program*/

    let arr = [3, 2, 1, 2, 1, 4, 5, 8, 6, 7, 4, 2];
    let n = arr.length;
    document.write(maxDistance(arr, n));",
PHP,,,,,,,,
C,,,,,,,,
