Find elements which are present in first array and not in second - GeeksforGeeks,"{'C++': 3, 'Java': 3, 'Python': 3, 'C#': 3, 'PHP': 3, 'Javascript': 3}"
C++,"/*C++ simple program to
find elements which are
not present in second array*/

#include<bits/stdc++.h>
using namespace std;
","/*Function for finding
elements which are there
in a[]  but not in b[].*/

void findMissing(int a[], int b[],
                 int n, int m)
{
    for (int i = 0; i < n; i++)
    {
        int j;
        for (j = 0; j < m; j++)
            if (a[i] == b[j])
                break;
        if (j == m)
            cout << a[i] << "" "";
    }
}
","/*Driver code*/

int main()
{
    int a[] = { 1, 2, 6, 3, 4, 5 };
    int b[] = { 2, 4, 3, 1, 0 };
    int n = sizeof(a) / sizeof(a[0]);
    int m = sizeof(b) / sizeof(b[1]);
    findMissing(a, b, n, m);
    return 0;
}"
Java,"/*Java simple program to
find elements which are
not present in second array*/

class GFG
{
","/*    Function for finding elements
    which are there in a[] but not
    in b[].*/

    static void findMissing(int a[], int b[],
                            int n, int m)
    {
        for (int i = 0; i < n; i++)
        {
            int j;
            for (j = 0; j < m; j++)
                if (a[i] == b[j])
                    break;
            if (j == m)
                System.out.print(a[i] + "" "");
        }
    }
","/*    Driver Code*/

    public static void main(String[] args)
    {
        int a[] = { 1, 2, 6, 3, 4, 5 };
        int b[] = { 2, 4, 3, 1, 0 };
        int n = a.length;
        int m = b.length;
        findMissing(a, b, n, m);
    }
}"
Python," '''Python 3 simple program to find elements
which are not present in second array
 '''"," '''Function for finding elements which
are there in a[] but not in b[].'''

def findMissing(a, b, n, m):
    for i in range(n):
        for j in range(m):
            if (a[i] == b[j]):
                break
        if (j == m - 1):
            print(a[i], end = "" "")
"," '''Driver code'''

if __name__ == ""__main__"":
    a = [ 1, 2, 6, 3, 4, 5 ]
    b = [ 2, 4, 3, 1, 0 ]
    n = len(a)
    m = len(b)
    findMissing(a, b, n, m)"
C#,"/*C# simple program to find elements
which are not present in second array*/

using System;
class GFG {
","/*    Function for finding elements
    which are there in a[] but not
    in b[].*/

    static void findMissing(int []a, int []b,
                            int n, int m)
    {
        for (int i = 0; i < n; i++)
        {
            int j;
            for (j = 0; j < m; j++)
                if (a[i] == b[j])
                    break;
            if (j == m)
                Console.Write(a[i] + "" "");
        }
    }
","/*    Driver code*/

    public static void Main()
    {
        int []a = {1, 2, 6, 3, 4, 5};
        int []b = {2, 4, 3, 1, 0};
        int n = a.Length;
        int m = b.Length;
        findMissing(a, b, n, m);
    }
}"
Javascript,"/*Javascript simple program to
find elements which are
not present in second array
    */","/*Function for finding elements
    which are there in a[] but not
    in b[].*/

    function findMissing(a,b,n,m)
    {
        for (let i = 0; i < n; i++)
        {
            let j;
            for (j = 0; j < m; j++)
                if (a[i] == b[j])
                    break;
            if (j == m)
                document.write(a[i] + "" "");
        }
    }
","/*    Driver Code*/

    let a=[ 1, 2, 6, 3, 4, 5 ];
    let b=[2, 4, 3, 1, 0];
    let n = a.length;
    let m = b.length;
    findMissing(a, b, n, m);"
PHP,"/*PHP simple program to find
elements which are not
present in second array
*/","/*Function for finding
elements which are there
in a[] but not in b[].*/

function findMissing( $a, $b, $n, $m)
{
    for ( $i = 0; $i < $n; $i++)
    {
        $j;
        for ($j = 0; $j < $m; $j++)
            if ($a[$i] == $b[$j])
                break;
        if ($j == $m)
            echo $a[$i] , "" "";
    }
}
","/*Driver code*/

$a = array( 1, 2, 6, 3, 4, 5 );
$b = array( 2, 4, 3, 1, 0 );
$n = count($a);
$m = count($b);
findMissing($a, $b, $n, $m);

?>",
C
