Find pair with greatest product in array - GeeksforGeeks,"{'C++': 4, 'Java': 2, 'Python': 2, 'C#': 2, 'PHP': 2, 'Javascript': 2}",,,
C++,"/*C++ program to find a pair with product
in given array.*/

#include<bits/stdc++.h>
using namespace std;
","/*Function to find greatest number that us*/

int findGreatest( int arr[] , int n)
{
    int result = -1;
    for (int i = 0; i < n ; i++)
        for (int j = 0; j < n-1; j++)
            for (int k = j+1 ; k < n  ; k++)
                if (arr[j] * arr[k] == arr[i])
                    result = max(result, arr[i]);
    return result;
}
","/*Driver code*/

int main()
{
    int arr[] = {30, 10, 9, 3, 35};
    int n = sizeof(arr)/sizeof(arr[0]);
    cout << findGreatest(arr, n);
    return 0;
}",
Java,"/*Java program to find a pair
with product in given array.*/

import java.io.*;
class GFG{
","/*Function to find greatest number that us*/

static int findGreatest( int []arr , int n)
{
    int result = -1;
    for (int i = 0; i < n ; i++)
        for (int j = 0; j < n-1; j++)
            for (int k = j+1 ; k < n ; k++)
                if (arr[j] * arr[k] == arr[i])
                    result = Math.max(result, arr[i]);
    return result;
}
","/*    Driver code*/

    static public void main (String[] args)
    {
        int []arr = {30, 10, 9, 3, 35};
        int n = arr.length;
        System.out.println(findGreatest(arr, n));
    }
}",
Python," '''Python 3 program to find a pair
with product in given array.'''

"," '''Function to find greatest number'''

def findGreatest( arr , n):
    result = -1
    for i in range(n):
        for j in range(n - 1):
            for k in range(j + 1, n):
                if (arr[j] * arr[k] == arr[i]):
                    result = max(result, arr[i])
    return result"," '''Driver code'''

if __name__ == ""__main__"":
    arr = [ 30, 10, 9, 3, 35]
    n = len(arr)
    print(findGreatest(arr, n))",
C#,"/*C# program to find a pair with product
in given array.*/

using System;
class GFG{

","/*Function to find greatest number that us*/

static int findGreatest( int []arr , int n)
{
    int result = -1;
    for (int i = 0; i < n ; i++)
        for (int j = 0; j < n-1; j++)
            for (int k = j+1 ; k < n ; k++)
                if (arr[j] * arr[k] == arr[i])
                    result = Math.Max(result, arr[i]);
    return result;
}","/*    Driver code*/

    static public void Main ()
    {
       int []arr = {30, 10, 9, 3, 35};
       int n = arr.Length;
       Console.WriteLine(findGreatest(arr, n));
    }
}",
Javascript,"/*Javascript program to find a pair
with product in given array.*/


","/*Function to find
greatest number*/

function findGreatest(arr , n)
{
    let result = -1;
    for (let i = 0; i < n ; i++)
        for (let j = 0; j < n-1; j++)
            for (let k = j+1 ; k < n ; k++)
                if (arr[j] * arr[k] == arr[i])
                    result = Math.max(result, arr[i]);
    return result;
}","/*Driver code   */

    let arr = [30, 10, 9, 3, 35];
    let n = arr.length;
    document.write(findGreatest(arr, n));",
PHP,"/*PHP program to find a pair
with product in given array.*/","/*Function to find
greatest number*/

function findGreatest($arr , $n)
{
    $result = -1;
    for ($i = 0; $i < $n ; $i++)
        for ($j = 0; $j < $n - 1; $j++)
            for ($k = $j + 1 ; $k < $n ; $k++)
                if ($arr[$j] * $arr[$k] == $arr[$i])
                    $result = max($result, $arr[$i]);
    return $result;
}
","/*Driver code*/

$arr = array(30, 10, 9, 3, 35);
$n = count($arr);
echo findGreatest($arr, $n);

?>",
C,,,,
