Block swap algorithm for array rotation - GeeksforGeeks,"{'C++': 10, 'C': 10, 'Java': 10, 'Python': 10, 'C#': 9, 'Javascript': 9}",,,,,,,,
C++,"#include <bits/stdc++.h>
using namespace std;
","/*Prototype for utility functions */

void printArray(int arr[], int size);
void swap(int arr[], int fi, int si, int d);
void leftRotate(int arr[], int d, int n)
{
    ","/* Return If number of elements to be rotated 
    is zero or equal to array size */

    if(d == 0 || d == n)
        return;
    ","/*If number of elements to be rotated
    is exactly half of array size */

    if(n - d == d)
    {
        swap(arr, 0, n - d, d);
        return;
    }
    ","/* If A is shorter*/
       
    if(d < n - d)
    {
        swap(arr, 0, n - d, d);
        leftRotate(arr, d, n - d);    
    }
","/* If B is shorter*/
     else       
    {
        swap(arr, 0, d, n - d);
        leftRotate(arr + n - d, 2 * d - n, d); 
    }
}","/* function to print an array */

void printArray(int arr[], int size)
{
    int i;
    for(i = 0; i < size; i++)
        cout << arr[i] << "" "";
    cout << endl;
}
","/*This function swaps d elements starting at index fi
with d elements starting at index si */

void swap(int arr[], int fi, int si, int d)
{
    int i, temp;
    for(i = 0; i < d; i++)
    {
        temp = arr[fi + i];
        arr[fi + i] = arr[si + i];
        arr[si + i] = temp;
    }
}
","/*Driver Code*/

int main()
{
    int arr[] = {1, 2, 3, 4, 5, 6, 7};
    leftRotate(arr, 2, 7);
    printArray(arr, 7);
    return 0;
}"
Java,"import java.util.*;
class GFG
{
","/*    Wrapper over the recursive function leftRotateRec()
    It left rotates arr[] by d.*/

    public static void leftRotate(int arr[], int d,
                                                int n)
    {
        leftRotateRec(arr, 0, d, n);
    }
    public static void leftRotateRec(int arr[], int i,
                                  int d, int n)
    {
        ","/* Return If number of elements to be rotated
        is zero or equal to array size */

        if(d == 0 || d == n)
            return;
        ","/*If number of elements to be rotated
        is exactly half of array size */

        if(n - d == d)
        {
            swap(arr, i, n - d + i, d);
            return;
        }
        ","/* If A is shorter*/
   
        if(d < n - d)
        {
            swap(arr, i, n - d + i, d);
            leftRotateRec(arr, i, d, n - d);    
        }
","/* If B is shorter*/
 else   
        {
            swap(arr, i, d, n - d);
            leftRotateRec(arr, n - d + i, 2 * d - n, d); 
        }
    }","/* function to print an array */

public static void printArray(int arr[], int size)
{
    int i;
    for(i = 0; i < size; i++)
        System.out.print(arr[i] + "" "");
    System.out.println();
}
","/*This function swaps d elements
starting at index fi with d elements
starting at index si */

public static void swap(int arr[], int fi,
                        int si, int d)
{
    int i, temp;
    for(i = 0; i < d; i++)
    {
        temp = arr[fi + i];
        arr[fi + i] = arr[si + i];
        arr[si + i] = temp;
    }
}
","/*Driver Code*/

public static void main (String[] args)
{
    int arr[] = {1, 2, 3, 4, 5, 6, 7};
    leftRotate(arr, 2, 7);
    printArray(arr, 7);    
}
}"
Python,," '''Wrapper over the recursive function leftRotateRec()
It left rotates arr by d.'''

def leftRotate(arr, d, n):
    leftRotateRec(arr, 0, d, n);
def leftRotateRec(arr, i, d, n):
    "," '''
     * Return If number of elements to be
     rotated is zero or equal to array size
     '''

    if (d == 0 or d == n):
        return;
    "," '''
     * If number of elements to be rotated
     is exactly half of array size
     '''

    if (n - d == d):
        swap(arr, i, n - d + i, d);
        return;
    "," ''' If A is shorter '''

    if (d < n - d):
        swap(arr, i, n - d + i, d);
        leftRotateRec(arr, i, d, n - d);
        "," ''' If B is shorter '''

    else:
        swap(arr, i, d, n - d);
        leftRotateRec(arr, n - d + i, 2 * d - n, d);        "," ''' function to pran array '''

def printArray(arr, size):
    for i in range(size):
        print(arr[i], end = "" "");
    print();
"," '''
 * This function swaps d elements starting at
 * index fi with d elements starting at index si
 '''

def swap(arr, fi, si, d):
    for i in range(d):
        temp = arr[fi + i];
        arr[fi + i] = arr[si + i];
        arr[si + i] = temp;
"," '''Driver Code'''

if __name__ == '__main__':
    arr = [1, 2, 3, 4, 5, 6, 7];
    leftRotate(arr, 2, 7);
    printArray(arr, 7);"
C#,"using System;
class GFG{
","/*Wrapper over the recursive function
leftRotateRec()
It left rotates []arr by d.*/

public static void leftRotate(int []arr,
                              int d, int n)
{
    leftRotateRec(arr, 0, d, n);
}
public static void leftRotateRec(int []arr, int i,
                                 int d, int n)
{
","/*    Return If number of elements
    to be rotated is zero or equal
    to array size*/

    if(d == 0 || d == n)
        return;
","/*    If number of elements to be rotated
    is exactly half of array size*/

    if(n - d == d)
    {
        swap(arr, i, n - d + i, d);
        return;
    }
","/*    If A is shorter*/

    if(d < n - d)
    {
        swap(arr, i, n - d + i, d);
        leftRotateRec(arr, i, d, n - d);    
    }
","/*    If B is shorter*/

    else
    {
        swap(arr, i, d, n - d);
        leftRotateRec(arr, n - d + i,
                       2 * d - n, d);
    }
}","/*Function to print an array*/

public static void printArray(int []arr,
                              int size)
{
    int i;
    for(i = 0; i < size; i++)
        Console.Write(arr[i] + "" "");
    Console.WriteLine();
}
","/*This function swaps d elements
starting at index fi with d elements
starting at index si*/

public static void swap(int []arr, int fi,
                        int si, int d)
{
    int i, temp;
    for(i = 0; i < d; i++)
    {
        temp = arr[fi + i];
        arr[fi + i] = arr[si + i];
        arr[si + i] = temp;
    }
}
","/*Driver Code*/

public static void Main(String[] args)
{
    int []arr = { 1, 2, 3, 4, 5, 6, 7 };
    leftRotate(arr, 2, 7);
    printArray(arr, 7);    
}
}"
Javascript,,"let leftRotate = (arr, d, n) =>{
    ","/* Return If number of elements to be rotated 
    is zero or equal to array size */

    if(d == 0 || d == n)
        return;
    ","/*If number of elements to be rotated
    is exactly half of array size */

    if(n - d == d) {
        arr = swap(arr, 0, n - d, d);
        return;
    }
    ","/* If A is shorter*/
       
    if(d < n - d) {
        arr = swap(arr, 0, n - d, d);
        leftRotate(arr, d, n - d);    
    }

    ","/* If B is shorter*/
     else{            
        arr = swap(arr, 0, d, n - d);
        leftRotate(arr + n - d, 2 * d - n, d);
    }
}        ","/* function to print an array */

let printArray = (arr, size) =>{
    ans = ''
    for(let i = 0; i < size; i++)
        ans += arr[i]+"" "";
    document.write(ans)
}
","/*This function swaps d elements
starting at index fi
with d elements starting at index si */

let swap = (arr, fi, si, d) =>{ 
    for(let i = 0; i < d; i++) {
        let temp = arr[fi + i];
        arr[fi + i] = arr[si + i];
        arr[si + i] = temp;
    }
    return arr
}
","/*Driver Code*/

arr = [1, 2, 3, 4, 5, 6, 7];
leftRotate(arr, 2, 7);
printArray(arr, 7);"
PHP,,,,,,,,,
C,"#include<stdio.h>
","/*Prototype for utility functions */

void printArray(int arr[], int size);
void swap(int arr[], int fi, int si, int d);
void leftRotate(int arr[], int d, int n)
{
  ","/* Return If number of elements to be rotated is
    zero or equal to array size */
 
  if(d == 0 || d == n)
    return;
  ","/*If number of elements to be rotated is exactly
    half of array size */
 
  if(n-d == d)
  {
    swap(arr, 0, n-d, d);  
    return;
  } 
 ","/* If A is shorter*/
             
  if(d < n-d)
  { 
    swap(arr, 0, n-d, d);
    leftRotate(arr, d, n-d);   
  }   
","/* If B is shorter*/
  else              
  {
    swap(arr, 0, d, n-d);
    leftRotate(arr+n-d, 2*d-n, d); 
  }
}","/* function to print an array */

void printArray(int arr[], int size)
{
  int i;
  for(i = 0; i < size; i++)
    printf(""%d "", arr[i]);
  printf(""\n "");
}
","/*This function swaps d elements starting at index fi
  with d elements starting at index si */

void swap(int arr[], int fi, int si, int d)
{
   int i, temp;
   for(i = 0; i<d; i++)  
   {
     temp = arr[fi + i];
     arr[fi + i] = arr[si + i];
     arr[si + i] = temp;
   }    
}    
","/* Driver program to test above functions */

int main()
{
   int arr[] = {1, 2, 3, 4, 5, 6, 7};
   leftRotate(arr, 2, 7);
   printArray(arr, 7);
   getchar();
   return 0;
}"
