Block swap algorithm for array rotation - GeeksforGeeks,"{'C++': 5, 'C': 5, 'Java': 5, 'Python': 3, 'C#': 4, 'Javascript': 3}",,,
C++,"/*C++ code for above implementation*/

void leftRotate(int arr[], int d, int n)
{
    int i, j;
    if (d == 0 || d == n)
        return;
    i = d;
    j = n - d;
    while (i != j)
    {
","/*A is shorter*/
        if (i < j) 
        {
            swap(arr, d - i, d + j - i, i);
            j -= i;
        }
","/*B is shorter*/
        else 
        {
            swap(arr, d - i, d, j);
            i -= j;
        }
    }","/*Finally, block swap A and B*/

    swap(arr, d - i, d, i);
}"
Java,"/*Java code for above implementation*/

static void leftRotate(int arr[], int d, int n)
{
int i, j;
if(d == 0 || d == n)
    return;
i = d;
j = n - d;
while (i != j)
{
","/*A is shorter*/
    if(i < j) 
    {
    swap(arr, d-i, d+j-i, i);
    j -= i;
    }
","/*B is shorter*/
    else 
    {
    swap(arr, d-i, d, j);
    i -= j;
    }
}","/*Finally, block swap A and B*/

swap(arr, d-i, d, i);
}"
Python," '''Python3 code for above implementation'''

def leftRotate(arr, d, n):
    if(d == 0 or d == n):
        return;
    i = d
    j = n - d
    while (i != j):
"," '''A is shorter'''

        if(i < j): 
            swap(arr, d - i, d + j - i, i)
            j -= i
"," '''B is shorter'''

        else: 
            swap(arr, d - i, d, j)
            i -= j
"," '''Finally, block swap A and B'''

    swap(arr, d - i, d, i)"
C#,"/*C# code for above implementation*/

static void leftRotate(int []arr, int d, int n)
{
    int i, j;
    if(d == 0 || d == n)
        return;
    i = d;
    j = n - d;
    while (i != j)
    {
","/*A is shorter*/
        if(i < j) 
        {
            swap(arr, d-i, d+j-i, i);
            j -= i;
        }
","/*B is shorter*/
        else 
        {
            swap(arr, d-i, d, j);
            i -= j;
        }
    }
    ","/*Finally, block swap A and B*/

    swap(arr, d-i, d, i);
}"
Javascript,"/*JavaScript code for above implementation*/

function leftRotate(arr, d, n)
{
    if(d == 0 || d == n)
        return;
    let i = d;
    let j = n - d;
    while (i != j)
    {

","/*        A is shorter*/
        if(i < j)
        {
            arr = swap(arr, d - i, d + j - i, i);
            j -= i;
        }
","/*B is shorter*/

else{ 
            arr = swap(arr, d - i, d, j);
            i -= j;
        }
    }
","/*Finally, block swap A and B*/

    arr = swap(arr, d - i, d, i);
}"
PHP,,,,
C,"/*C code for above implementation*/

void leftRotate(int arr[], int d, int n)
{
  int i, j;
  if(d == 0 || d == n)
    return;
  i = d;
  j = n - d;
  while (i != j)
  {
","/*A is shorter*/
    if(i < j) 
    {
      swap(arr, d-i, d+j-i, i);
      j -= i;
    }
","/*B is shorter*/
    else 
    {
      swap(arr, d-i, d, j);
      i -= j;
    }
  }","/*Finally, block swap A and B*/

  swap(arr, d-i, d, i);
}"
