"Given two unsorted arrays, find all pairs whose sum is x - GeeksforGeeks","{'C++': 3, 'Java': 3, 'Python': 3, 'C#': 3, 'PHP': 3, 'Javascript': 3}"
C++,"/*C++ program to find all pairs in both arrays
whose sum is equal to given value x*/

#include <bits/stdc++.h>
using namespace std;
","/*Function to print all pairs in both arrays
whose sum is equal to given value x*/

void findPairs(int arr1[], int arr2[], int n,
               int m, int x)
{
    for (int i = 0; i < n; i++)
        for (int j = 0; j < m; j++)
            if (arr1[i] + arr2[j] == x)
                cout << arr1[i] << "" ""
                     << arr2[j] << endl;
}
","/*Driver code*/

int main()
{
    int arr1[] = { 1, 2, 3, 7, 5, 4 };
    int arr2[] = { 0, 7, 4, 3, 2, 1 };
    int n = sizeof(arr1) / sizeof(int);
    int m = sizeof(arr2) / sizeof(int);
    int x = 8;
    findPairs(arr1, arr2, n, m, x);
    return 0;
}"
Java,"/*Java program to find all pairs in both arrays
whose sum is equal to given value x*/

import java.io.*;
class GFG {
","/*    Function to print all pairs in both arrays
    whose sum is equal to given value x*/

    static void findPairs(int arr1[], int arr2[], int n,
                          int m, int x)
    {
        for (int i = 0; i < n; i++)
            for (int j = 0; j < m; j++)
                if (arr1[i] + arr2[j] == x)
                    System.out.println(arr1[i] + "" ""
                                       + arr2[j]);
    }
","/*    Driver code*/

    public static void main(String[] args)
    {
        int arr1[] = { 1, 2, 3, 7, 5, 4 };
        int arr2[] = { 0, 7, 4, 3, 2, 1 };
        int x = 8;
        findPairs(arr1, arr2, arr1.length, arr2.length, x);
    }
}"
Python,"'''Python 3 program to find all 
pairs in both arrays whose 
sum is equal to given value x
'''","'''Function to print all pairs 
in both arrays whose sum is
equal to given value x'''

def findPairs(arr1, arr2, n, m, x):
    for i in range(0, n):
        for j in range(0, m):
            if (arr1[i] + arr2[j] == x):
                print(arr1[i], arr2[j])
","'''Driver code'''

arr1 = [1, 2, 3, 7, 5, 4]
arr2 = [0, 7, 4, 3, 2, 1]
n = len(arr1)
m = len(arr2)
x = 8
findPairs(arr1, arr2, n, m, x)"
C#,"/*C# program to find all
pairs in both arrays
whose sum is equal to
given value x*/

using System;
class GFG {
","/*    Function to print all
    pairs in both arrays
    whose sum is equal to
    given value x*/

    static void findPairs(int[] arr1, int[] arr2,
                          int n, int m, int x)
    {
        for (int i = 0; i < n; i++)
            for (int j = 0; j < m; j++)
                if (arr1[i] + arr2[j] == x)
                    Console.WriteLine(arr1[i] + "" "" + arr2[j]);
    }
","/*    Driver code*/

    static void Main()
    {
        int[] arr1 = { 1, 2, 3, 7, 5, 4 };
        int[] arr2 = { 0, 7, 4, 3, 2, 1 };
        int x = 8;
        findPairs(arr1, arr2,
                  arr1.Length,
                  arr2.Length, x);
    }
}"
Javascript,"/*Javascript program to find all pairs in both arrays 
whose sum is equal to given value x 
*/","/*Function to print all pairs in both arrays 
whose sum is equal to given value x */

function findPairs(arr1, arr2, n, m, x) 
{ 
    for (let i = 0; i < n; i++) 
        for (let j = 0; j < m; j++) 
            if (arr1[i] + arr2[j] == x) 
                document.write(arr1[i] + "" ""
                     + arr2[j] + ""<br>""); 
} 
","/*Driver code  */

    let arr1 = [ 1, 2, 3, 7, 5, 4 ]; 
    let arr2 = [ 0, 7, 4, 3, 2, 1 ]; 
    let n = arr1.length; 
    let m = arr2.length; 
    let x = 8; 
    findPairs(arr1, arr2, n, m, x);"
PHP,"/*PHP program to find all pairs 
in both arrays whose sum is 
equal to given value x
*/","/*Function to print all pairs 
in both arrays whose sum is
equal to given value x*/

function findPairs($arr1, $arr2, 
                   $n, $m, $x)
{
    for ($i = 0; $i < $n; $i++)
        for ($j = 0; $j < $m; $j++)
            if ($arr1[$i] + $arr2[$j] == $x)
                echo $arr1[$i] . "" "" . 
                     $arr2[$j] . ""\n"";
} 
","/*Driver code*/

$arr1 = array(1, 2, 3, 7, 5, 4);
$arr2 = array(0, 7, 4, 3, 2, 1);
$n = count($arr1);
$m = count($arr2);
$x = 8;
findPairs($arr1, $arr2, 
          $n, $m, $x);

?>",
C
