"Given two unsorted arrays, find all pairs whose sum is x - GeeksforGeeks","{'C++': 5, 'Java': 5, 'Python': 5, 'C#': 5, 'Javascript': 5}"
C++,"/*C++ program to find all pair in both arrays
whose sum is equal to given value x*/

#include <bits/stdc++.h>
using namespace std;
","/*Function to find all pairs in both arrays
whose sum is equal to given value x*/

void findPairs(int arr1[], int arr2[], int n,
               int m, int x)
{
","/*    Insert all elements of first array in a hash*/

    unordered_set<int> s;
    for (int i = 0; i < n; i++)
        s.insert(arr1[i]);
","/*    Subtract sum from second array elements one
    by one and check it's present in array first
    or not*/

    for (int j = 0; j < m; j++)
        if (s.find(x - arr2[j]) != s.end())
            cout << x - arr2[j] << "" ""
                 << arr2[j] << endl;
}
","/*Driver code*/

int main()
{
    int arr1[] = { 1, 0, -4, 7, 6, 4 };
    int arr2[] = { 0, 2, 4, -3, 2, 1 };
    int x = 8;
    int n = sizeof(arr1) / sizeof(int);
    int m = sizeof(arr2) / sizeof(int);
    findPairs(arr1, arr2, n, m, x);
    return 0;
}"
Java,"/*JAVA Code for Given two unsorted arrays,
find all pairs whose sum is x*/

import java.util.*;
class GFG {
","/*    Function to find all pairs in both arrays
    whose sum is equal to given value x*/

    public static void findPairs(int arr1[], int arr2[],
                                 int n, int m, int x)
    {
","/*        Insert all elements of first array in a hash*/

        HashMap<Integer, Integer> s = new HashMap<Integer, Integer>();
        for (int i = 0; i < n; i++)
            s.put(arr1[i], 0);
","/*        Subtract sum from second array elements one
        by one and check it's present in array first
        or not*/

        for (int j = 0; j < m; j++)
            if (s.containsKey(x - arr2[j]))
                System.out.println(x - arr2[j] + "" "" + arr2[j]);
    }
    ","/* Driver program to test above function */

    public static void main(String[] args)
    {
        int arr1[] = { 1, 0, -4, 7, 6, 4 };
        int arr2[] = { 0, 2, 4, -3, 2, 1 };
        int x = 8;
        findPairs(arr1, arr2, arr1.length, arr2.length, x);
    }
}"
Python,"'''Python3 program to find all 
pair in both arrays whose 
sum is equal to given value x
'''","'''Function to find all pairs 
in both arrays whose sum is
equal to given value x'''

def findPairs(arr1, arr2, n, m, x):
","'''    Insert all elements of 
    first array in a hash'''

    s = set()
    for i in range (0, n):
        s.add(arr1[i])
","'''    Subtract sum from second 
    array elements one by one 
    and check it's present in
    array first or not'''

    for j in range(0, m):
        if ((x - arr2[j]) in s):
            print((x - arr2[j]), '', arr2[j])
","'''Driver code'''

arr1 = [1, 0, -4, 7, 6, 4]
arr2 = [0, 2, 4, -3, 2, 1]
x = 8
n = len(arr1)
m = len(arr2)
findPairs(arr1, arr2, n, m, x)"
C#,"/*C# Code for Given two unsorted arrays,
find all pairs whose sum is x*/

using System;
using System.Collections.Generic;
class GFG {
","/*    Function to find all pairs in
    both arrays whose sum is equal
    to given value x*/

    public static void findPairs(int[] arr1, int[] arr2,
                                 int n, int m, int x)
    {
","/*        Insert all elements of first
        array in a hash*/

        Dictionary<int,
                   int>
            s = new Dictionary<int,
                               int>();
        for (int i = 0; i < n; i++) {
            s[arr1[i]] = 0;
        }
","/*        Subtract sum from second array
        elements one by one and check
        it's present in array first
        or not*/

        for (int j = 0; j < m; j++) {
            if (s.ContainsKey(x - arr2[j])) {
                Console.WriteLine(x - arr2[j] + "" "" + arr2[j]);
            }
        }
    }
","/*    Driver Code*/

    public static void Main(string[] args)
    {
        int[] arr1 = new int[] { 1, 0, -4, 7, 6, 4 };
        int[] arr2 = new int[] { 0, 2, 4, -3, 2, 1 };
        int x = 8;
        findPairs(arr1, arr2, arr1.Length,
                  arr2.Length, x);
    }
}"
Javascript,"/*  Javascript Code for Given two unsorted arrays,
find all pairs whose sum is x
    */","/*Function to find all pairs in both arrays
    whose sum is equal to given value x*/

    function findPairs(arr1, arr2, n, m, x)
    {
","/*        Insert all elements of first array in a hash*/

        let s = new Map();
        for (let i = 0; i < n; i++)
            s.set(arr1[i], 0);
","/*        Subtract sum from second array elements one
        by one and check it's present in array first
        or not*/

        for (let j = 0; j < m; j++)
            if (s.has(x - arr2[j]))
                document.write(x - arr2[j] + "" "" + arr2[j] + ""<br/>"");
    }
","/*    Driver code */

    let arr1 = [ 1, 0, -4, 7, 6, 4 ];
        let arr2 = [ 0, 2, 4, -3, 2, 1 ];
        let x = 8;
        findPairs(arr1, arr2, arr1.length, arr2.length, x);"
PHP
C
