Number of elements less than or equal to a given number in a given subarray | Set 2 (Including Updates) - GeeksforGeeks
C++,"/*Number of elements less than or equal to a given
number in a given subarray and allowing update
operations.*/

#include<bits/stdc++.h>
using namespace std;
const int MAX = 10001;
","/*updating the bit array of a valid block*/

void update(int idx, int blk, int val, int bit[][MAX])
{
    for (; idx<MAX; idx += (idx&-idx))
        bit[blk][idx] += val;
}
","/*answering the query*/

int query(int l, int r, int k, int arr[], int blk_sz,
                                      int bit[][MAX])
{
","/*    traversing the first block in range*/

    int sum = 0;
    while (l<r && l%blk_sz!=0 && l!=0)
    {
        if (arr[l] <= k)
            sum++;
        l++;
    }
","/*    Traversing completely overlapped blocks in
    range for such blocks bit array of that block
    is queried*/

    while (l + blk_sz <= r)
    {
        int idx = k;
        for (; idx > 0 ; idx -= idx&-idx)
            sum += bit[l/blk_sz][idx];
        l += blk_sz;
    }
","/*    Traversing the last block*/

    while (l <= r)
    {
        if (arr[l] <= k)
            sum++;
        l++;
    }
    return sum;
}
","/*Preprocessing the array*/

void preprocess(int arr[], int blk_sz, int n, int bit[][MAX])
{
    for (int i=0; i<n; i++)
        update(arr[i], i/blk_sz, 1, bit);
}
void preprocessUpdate(int i, int v, int blk_sz,
                      int arr[], int bit[][MAX])
{
","/*    updating the bit array at the original
    and new value of array*/

    update(arr[i], i/blk_sz, -1, bit);
    update(v, i/blk_sz, 1, bit);
    arr[i] = v;
}
","/*driver function*/

int main()
{
    int arr[] = {5, 1, 2, 3, 4};
    int n = sizeof(arr)/sizeof(arr[0]);
","/*    size of block size will be equal to square root of n*/

    int blk_sz = sqrt(n);
","/*    initialising bit array of each block
    as elements of array cannot exceed 10^4 so size
    of bit array is accordingly*/

    int bit[blk_sz+1][MAX];
    memset(bit, 0, sizeof(bit));
    preprocess(arr, blk_sz, n, bit);
    cout << query  (1, 3, 1, arr, blk_sz, bit) << endl;
    preprocessUpdate(3, 10, blk_sz, arr, bit);
    cout << query(3, 3, 4, arr, blk_sz, bit) << endl;
    preprocessUpdate(2, 1, blk_sz, arr, bit);
    preprocessUpdate(0, 2, blk_sz, arr, bit);
    cout << query (0, 4, 5, arr, blk_sz, bit) << endl;
    return 0;
}"
Java,"/*Number of elements less than or equal to a given
number in a given subarray and allowing update
operations.*/

class Test
{
    static final int MAX = 10001;
","/*    updating the bit array of a valid block*/

    static void update(int idx, int blk, int val, int bit[][])
    {
        for (; idx<MAX; idx += (idx&-idx))
            bit[blk][idx] += val;
    }
","/*    answering the query*/

    static int query(int l, int r, int k, int arr[], int blk_sz,
                                          int bit[][])
    {
","/*        traversing the first block in range*/

        int sum = 0;
        while (l<r && l%blk_sz!=0 && l!=0)
        {
            if (arr[l] <= k)
                sum++;
            l++;
        }
","/*        Traversing completely overlapped blocks in
        range for such blocks bit array of that block
        is queried*/

        while (l + blk_sz <= r)
        {
            int idx = k;
            for (; idx > 0 ; idx -= idx&-idx)
                sum += bit[l/blk_sz][idx];
            l += blk_sz;
        }
","/*        Traversing the last block*/

        while (l <= r)
        {
            if (arr[l] <= k)
                sum++;
            l++;
        }
        return sum;
    }
","/*    Preprocessing the array*/

    static void preprocess(int arr[], int blk_sz, int n, int bit[][])
    {
        for (int i=0; i<n; i++)
            update(arr[i], i/blk_sz, 1, bit);
    }
    static void preprocessUpdate(int i, int v, int blk_sz,
                          int arr[], int bit[][])
    {
","/*        updating the bit array at the original
        and new value of array*/

        update(arr[i], i/blk_sz, -1, bit);
        update(v, i/blk_sz, 1, bit);
        arr[i] = v;
    }
","/*    Driver method*/

    public static void main(String args[])
    {
        int arr[] = {5, 1, 2, 3, 4};
","/*        size of block size will be equal to square root of n*/

        int blk_sz = (int) Math.sqrt(arr.length);
","/*        initialising bit array of each block
        as elements of array cannot exceed 10^4 so size
        of bit array is accordingly*/

        int bit[][] = new int[blk_sz+1][MAX];
        preprocess(arr, blk_sz, arr.length, bit);
        System.out.println(query(1, 3, 1, arr, blk_sz, bit));
        preprocessUpdate(3, 10, blk_sz, arr, bit);
        System.out.println(query(3, 3, 4, arr, blk_sz, bit));
        preprocessUpdate(2, 1, blk_sz, arr, bit);
        preprocessUpdate(0, 2, blk_sz, arr, bit);
        System.out.println(query (0, 4, 5, arr, blk_sz, bit));
    }
}"
Python,"'''Number of elements less than or equal to a given
number in a given subarray and allowing update
operations.'''

MAX = 10001
","'''updating the bit array of a valid block'''

def update(idx, blk, val, bit):
    while idx < MAX:
        bit[blk][idx] += val
        idx += (idx & -idx)
","'''answering the query'''

def query(l, r, k, arr, blk_sz, bit):
","'''    traversing the first block in range'''

    summ = 0
    while l < r and l % blk_sz != 0 and l != 0:
        if arr[l] <= k:
            summ += 1
        l += 1
","'''    Traversing completely overlapped blocks in
    range for such blocks bit array of that block
    is queried'''

    while l + blk_sz <= r:
        idx = k
        while idx > 0:
            summ += bit[l // blk_sz][idx]
            idx -= (idx & -idx)
        l += blk_sz
","'''    Traversing the last block'''

    while l <= r:
        if arr[l] <= k:
            summ += 1
        l += 1
    return summ
","'''Preprocessing the array'''

def preprocess(arr, blk_sz, n, bit):
    for i in range(n):
        update(arr[i], i // blk_sz, 1, bit)
def preprocessUpdate(i, v, blk_sz, arr, bit):
","'''    updating the bit array at the original
    and new value of array'''

    update(arr[i], i // blk_sz, -1, bit)
    update(v, i // blk_sz, 1, bit)
    arr[i] = v
","'''Driver Code'''

if __name__ == ""__main__"":
    arr = [5, 1, 2, 3, 4]
    n = len(arr)
","'''    size of block size will be equal 
    to square root of n'''

    from math import sqrt
    blk_sz = int(sqrt(n))
","'''    initialising bit array of each block
    as elements of array cannot exceed 10^4 
    so size of bit array is accordingly'''

    bit = [[0 for i in range(MAX)] 
              for j in range(blk_sz + 1)]
    preprocess(arr, blk_sz, n, bit)
    print(query(1, 3, 1, arr, blk_sz, bit))
    preprocessUpdate(3, 10, blk_sz, arr, bit)
    print(query(3, 3, 4, arr, blk_sz, bit))
    preprocessUpdate(2, 1, blk_sz, arr, bit)
    preprocessUpdate(0, 2, blk_sz, arr, bit)
    print(query(0, 4, 5, arr, blk_sz, bit))"
C#,"/*Number of elements less than or equal
to a given number in a given subarray
and allowing update operations.*/

using System;
class GFG 
{
    static int MAX = 10001;
","/*    updating the bit array of a valid block*/

    static void update(int idx, int blk, 
                    int val, int [,]bit)
    {
        for (; idx < MAX; idx += (idx&-idx))
            bit[blk, idx] += val;
    }
","/*    answering the query*/

    static int query(int l, int r, int k, int []arr,
                             int blk_sz, int [,]bit)
    {
","/*        traversing the first block in range*/

        int sum = 0;
        while (l < r && l % blk_sz != 0 && l != 0)
        {
            if (arr[l] <= k)
                sum++;
            l++;
        }
","/*        Traversing completely overlapped blocks in
        range for such blocks bit array of that block
        is queried*/

        while (l + blk_sz <= r)
        {
            int idx = k;
            for (; idx > 0 ; idx -= idx&-idx)
                sum += bit[l/blk_sz,idx];
            l += blk_sz;
        }
","/*        Traversing the last block*/

        while (l <= r)
        {
            if (arr[l] <= k)
                sum++;
            l++;
        }
        return sum;
    }
","/*    Preprocessing the array*/

    static void preprocess(int []arr, int blk_sz,
                               int n, int [,]bit)
    {
        for (int i=0; i<n; i++)
            update(arr[i], i / blk_sz, 1, bit);
    }
    static void preprocessUpdate(int i, int v, int blk_sz,
                                    int []arr, int [,]bit)
    {
","/*        updating the bit array at the original
        and new value of array*/

        update(arr[i], i/blk_sz, -1, bit);
        update(v, i/blk_sz, 1, bit);
        arr[i] = v;
    }
","/*    Driver method*/

    public static void Main()
    {
        int []arr = {5, 1, 2, 3, 4};
","/*        size of block size will be 
        equal to square root of n*/

        int blk_sz = (int) Math.Sqrt(arr.Length);
","/*        initialising bit array of each block
        as elements of array cannot exceed 10^4 so size
        of bit array is accordingly*/

        int [,]bit = new int[blk_sz+1,MAX];
        preprocess(arr, blk_sz, arr.Length, bit);
        Console.WriteLine(query(1, 3, 1, arr, blk_sz, bit));
        preprocessUpdate(3, 10, blk_sz, arr, bit);
        Console.WriteLine(query(3, 3, 4, arr, blk_sz, bit));
        preprocessUpdate(2, 1, blk_sz, arr, bit);
        preprocessUpdate(0, 2, blk_sz, arr, bit);
        Console.WriteLine(query (0, 4, 5, arr, blk_sz, bit));
    }
}"
Javascript
PHP
C
