Queries for decimal values of subarrays of a binary array - GeeksforGeeks,"{'C++': 5, 'Java': 5, 'Python': 5, 'C#': 5, 'PHP': 5, 'Javascript': 5}"
C++,"/*C++ implementation of finding number
represented by binary subarray*/

#include <bits/stdc++.h>
using namespace std;
","/*Fills pre[]*/

void precompute(int arr[], int n, int pre[])
{
    memset(pre, 0, n * sizeof(int));
    pre[n - 1] = arr[n - 1] * pow(2, 0);
    for (int i = n - 2; i >= 0; i--)
        pre[i] = pre[i + 1] + arr[i] * (1 << (n - 1 - i));
}
","/*returns the number represented by a binary
subarray l to r*/

int decimalOfSubarr(int arr[], int l, int r,
                    int n, int pre[])
{
","/*    if r is equal to n-1 r+1 does not exist*/

    if (r != n - 1)
        return (pre[l] - pre[r + 1]) / (1 << (n - 1 - r));
    return pre[l] / (1 << (n - 1 - r));
}
","/*Driver Function*/

int main()
{
    int arr[] = { 1, 0, 1, 0, 1, 1 };
    int n = sizeof(arr) / sizeof(arr[0]);
    int pre[n];
    precompute(arr, n, pre);
    cout << decimalOfSubarr(arr, 2, 4, n, pre) << endl;
    cout << decimalOfSubarr(arr, 4, 5, n, pre) << endl;
    return 0;
}"
Java,"/*Java implementation of finding number
represented by binary subarray*/

import java.util.Arrays;
class GFG {
","/*    Fills pre[]*/

    static void precompute(int arr[], int n, int pre[])
    {
        Arrays.fill(pre, 0);
        pre[n - 1] = arr[n - 1] * (int)(Math.pow(2, 0));
        for (int i = n - 2; i >= 0; i--)
            pre[i] = pre[i + 1] + arr[i] * (1 << (n - 1 - i));
    }
","/*    returns the number represented by a binary
    subarray l to r*/

    static int decimalOfSubarr(int arr[], int l, int r,
                               int n, int pre[])
    {
","/*        if r is equal to n-1 r+1 does not exist*/

        if (r != n - 1)
            return (pre[l] - pre[r + 1]) / (1 << (n - 1 - r));
        return pre[l] / (1 << (n - 1 - r));
    }
","/*    Driver code*/

    public static void main(String[] args)
    {
        int arr[] = { 1, 0, 1, 0, 1, 1 };
        int n = arr.length;
        int pre[] = new int[n];
        precompute(arr, n, pre);
        System.out.println(decimalOfSubarr(arr,
                                           2, 4, n, pre));
        System.out.println(decimalOfSubarr(arr,
                                           4, 5, n, pre));
    }
}"
Python,"'''implementation of finding number
represented by binary subarray'''

from math import pow
","'''Fills pre[]'''

def precompute(arr, n, pre):
    pre[n - 1] = arr[n - 1] * pow(2, 0)
    i = n - 2
    while(i >= 0):
        pre[i] = (pre[i + 1] + arr[i] *
                 (1 << (n - 1 - i)))
        i -= 1
","'''returns the number represented by
a binary subarray l to r'''

def decimalOfSubarr(arr, l, r, n, pre):
","'''    if r is equal to n-1 r+1 does not exist'''

    if (r != n - 1):
        return ((pre[l] - pre[r + 1]) /
                (1 << (n - 1 - r)))
    return pre[l] / (1 << (n - 1 - r))
","'''Driver Code'''

if __name__ == '__main__':
    arr = [1, 0, 1, 0, 1, 1]
    n = len(arr)
    pre = [0 for i in range(n)]
    precompute(arr, n, pre)
    print(int(decimalOfSubarr(arr, 2, 4, n, pre)))
    print(int(decimalOfSubarr(arr, 4, 5, n, pre)))"
C#,"/*C# implementation of finding number
represented by binary subarray*/

using System;
class GFG {
","/*    Fills pre[]*/

    static void precompute(int[] arr, int n, int[] pre)
    {
        for (int i = 0; i < n; i++)
            pre[i] = 0;
        pre[n - 1] = arr[n - 1] * (int)(Math.Pow(2, 0));
        for (int i = n - 2; i >= 0; i--)
            pre[i] = pre[i + 1] + arr[i] * (1 << (n - 1 - i));
    }
","/*    returns the number represented by
    a binary subarray l to r*/

    static int decimalOfSubarr(int[] arr, int l, int r,
                                      int n, int[] pre)
    {
","/*        if r is equal to n-1 r+1 does not exist*/

        if (r != n - 1)
            return (pre[l] - pre[r + 1]) / (1 << (n - 1 - r));
        return pre[l] / (1 << (n - 1 - r));
    }
","/*    Driver code*/

    public static void Main()
    {
        int[] arr = { 1, 0, 1, 0, 1, 1 };
        int n = arr.Length;
        int[] pre = new int[n];
        precompute(arr, n, pre);
        Console.WriteLine(decimalOfSubarr(arr,
                                        2, 4, n, pre));
        Console.WriteLine(decimalOfSubarr(arr,
                                        4, 5, n, pre));
    }
}"
Javascript,"/*Javascipt implementation of finding number
represented by binary subarray
*/","/*Fills pre[]*/

function precompute(arr, n, pre)
{
    for (let i = 0; i < n; i++)
        pre[i] = 0;
    pre[n - 1] = arr[n - 1] * (Math.pow(2, 0));
    for (let i = n - 2; i >= 0; i--)
        pre[i] = pre[i + 1] + arr[i] *
                 (1 << (n - 1 - i));
}
","/*returns the number represented by
a binary subarray l to r*/

function decimalOfSubarr(arr, l, r,n, pre)
{
","/*    if r is equal to n-1 r+1 does not exist*/

    if (r != n - 1)
        return (pre[l] - pre[r + 1]) / (1 << (n - 1 - r));
    return pre[l] / (1 << (n - 1 - r));
}
","/*Driver code*/

let arr = [1, 0, 1, 0, 1, 1];
let n = arr.length;
let pre = new Array(n)
precompute(arr, n, pre);
document.write(decimalOfSubarr(arr,2, 4, n, pre)+""<br>"");
document.write(decimalOfSubarr(arr, 4, 5, n, pre));"
PHP,"/*PHP implementation of finding number
represented by binary subarray
*/","/*Fills pre[]*/

function precompute(&$arr, $n, &$pre)
{
    $pre[$n - 1] = $arr[$n - 1] * pow(2, 0);
    for ($i = $n - 2; $i >= 0; $i--)
        $pre[$i] = $pre[$i + 1] + $arr[$i] *
                           (1 << ($n - 1 - $i));
}
","/*returns the number represented by
a binary subarray l to r*/

function decimalOfSubarr(&$arr, $l, $r, $n, &$pre)
{
","/*    if r is equal to n-1 r+1 does not exist*/

    if ($r != $n - 1)
        return ($pre[$l] - $pre[$r + 1]) /
                    (1 << ($n - 1 - $r));
    return $pre[$l] / (1 << ($n - 1 - $r));
}
","/*Driver Code*/

$arr = array(1, 0, 1, 0, 1, 1 );
$n = sizeof($arr);
$pre = array_fill(0, $n, NULL);
precompute($arr, $n, $pre);
echo decimalOfSubarr($arr, 2, 4, $n, $pre) . ""\n"";
echo decimalOfSubarr($arr, 4, 5, $n, $pre) . ""\n"";

?>",
C
