Array range queries over range queries - GeeksforGeeks,"{'C++': 8, 'Java': 8, 'Python': 8, 'C#': 8, 'Javascript': 8}"
C++,"/*CPP program to perform range queries over range
queries.*/

#include <bits/stdc++.h>
using namespace std;
","/*Function to create the record array*/

void record_sum(int record[], int l, int r,
                           int n, int adder)
{
    for (int i = l; i <= r; i++)
        record[i] += adder;   
}
","/*Driver Code*/

int main()
{
    int n = 5, m = 5;
    int arr[n];
","/*    Build query matrix*/

    memset(arr, 0, sizeof arr);
    int query[5][3] = { { 1, 1, 2 }, { 1, 4, 5 },
                         { 2, 1, 2 }, { 2, 1, 3 },
                         { 2, 3, 4 } };
    int record[m];
    memset(record, 0, sizeof record);
    for (int i = m - 1; i >= 0; i--) {
","/*        If query is of type 2 then function
        call to record_sum*/

        if (query[i][0] == 2)
            record_sum(record, query[i][1] - 1,
               query[i][2] - 1, m, record[i] + 1);
","/*        If query is of type 1 then simply add
        1 to the record array*/

        else
            record_sum(record, i, i, m, 1);
    }
","/*    for type 1 queries adding the contains of
    record array to the main array record array*/

    for (int i = 0; i < m; i++) {
        if (query[i][0] == 1)
            record_sum(arr, query[i][1] - 1,
                 query[i][2] - 1, n, record[i]);       
    }
","/*    printing the array*/

    for (int i = 0; i < n; i++)
        cout << arr[i] << ' ';
    return 0;
}"
Java,"/*Java program to perform range queries
over range queries.*/

import java.util.Arrays;
class GFG
{
","/*    Function to create the record array*/

    static void record_sum(int record[], int l,
                           int r, int n, int adder)
    {
        for (int i = l; i <= r; i++)
        {
            record[i] += adder;
        }
    }
","/*    Driver Code*/

    public static void main(String[] args)
    {
        int n = 5, m = 5;
        int arr[] = new int[n];
","/*        Build query matrix*/

        Arrays.fill(arr, 0);
        int query[][] = {{1, 1, 2}, {1, 4, 5},
                         {2, 1, 2}, {2, 1, 3},
                         {2, 3, 4}};
        int record[] = new int[m];
        Arrays.fill(record, 0);
        for (int i = m - 1; i >= 0; i--)
        {
","/*            If query is of type 2 then function
            call to record_sum*/

            if (query[i][0] == 2)
            {
                record_sum(record, query[i][1] - 1,
                                   query[i][2] - 1, m,
                                   record[i] + 1);
            }
","/*            If query is of type 1 then
            simply add 1 to the record array*/

            else
            {
                record_sum(record, i, i, m, 1);
            }
        }
","/*        for type 1 queries adding the contains of
        record array to the main array record array*/

        for (int i = 0; i < m; i++)
        {
            if (query[i][0] == 1)
            {
                record_sum(arr, query[i][1] - 1,
                                query[i][2] - 1,
                                n, record[i]);
            }
        }
","/*        printing the array*/

        for (int i = 0; i < n; i++)
        {
            System.out.print(arr[i] + "" "");
        }
    }
}"
Python,"'''Python3 program to perform range queries over range
queries.
'''","'''Function to create the record array'''

def record_sum(record, l, r, n, adder):
    for i in range(l, r + 1):
        record[i] += adder
","'''Driver Code'''

n = 5
m = 5
arr = [0]*n
","'''Build query matrix'''

query = [[1, 1, 2 ],[ 1, 4, 5 ],[2, 1, 2 ],
        [ 2, 1, 3 ],[ 2, 3, 4]]
record = [0]*m
for i in range(m - 1, -1, -1):
","'''    If query is of type 2 then function
    call to record_sum'''

    if (query[i][0] == 2):
        record_sum(record, query[i][1] - 1,
                query[i][2] - 1, m, record[i] + 1)
","'''    If query is of type 1 then simply add
    1 to the record array'''

    else:
        record_sum(record, i, i, m, 1)
","'''for type 1 queries adding the contains of
record array to the main array record array'''

for i in range(m):
    if (query[i][0] == 1):
        record_sum(arr, query[i][1] - 1,
            query[i][2] - 1, n, record[i])
","'''printing the array'''

for i in range(n):
    print(arr[i], end=' ')"
C#,"/*C# program to perform range queries
over range queries.*/

using System;
class GFG
{
","/*    Function to create the record array*/

    static void record_sum(int []record, int l,
                        int r, int n, int adder)
    {
        for (int i = l; i <= r; i++)
        {
            record[i] += adder;
        }
    }
","/*    Driver Code*/

    public static void Main(String[] args)
    {
        int n = 5, m = 5;
        int []arr = new int[n];
","/*        Build query matrix*/

        int [,]query = {{1, 1, 2}, {1, 4, 5},
                        {2, 1, 2}, {2, 1, 3},
                        {2, 3, 4}};
        int []record = new int[m];
        for (int i = m - 1; i >= 0; i--)
        {
","/*            If query is of type 2 then function
            call to record_sum*/

            if (query[i,0] == 2)
            {
                record_sum(record, query[i,1] - 1,
                                query[i,2] - 1, m,
                                record[i] + 1);
            }
","/*            If query is of type 1 then
            simply add 1 to the record array*/

            else
            {
                record_sum(record, i, i, m, 1);
            }
        }
","/*        for type 1 queries adding the contains of
        record array to the main array record array*/

        for (int i = 0; i < m; i++)
        {
            if (query[i, 0] == 1)
            {
                record_sum(arr, query[i, 1] - 1,
                                query[i, 2] - 1,
                                n, record[i]);
            }
        }
","/*        printing the array*/

        for (int i = 0; i < n; i++)
        {
            Console.Write(arr[i] + "" "");
        }
    }
}"
Javascript,"/*Javascript program to perform range queries
over range queries.
*/","/*Function to create the record array*/

    function record_sum(record,l,r,n,adder)
    {
        for (let i = l; i <= r; i++)
        {
            record[i] += adder;
        }
    }
","/*    Driver Code*/

    let n = 5, m = 5;
    let arr = new Array(n);
","/*        Build query matrix*/

        for(let i=0;i<arr.length;i++)
        {
            arr[i]=0;
        }
        let query = [[1, 1, 2], [1, 4, 5],
                         [2, 1, 2], [2, 1, 3],
                         [2, 3, 4]];
        let record = new Array(m);
        for(let i=0;i<record.length;i++)
        {
            record[i]=0;
        }
        for (let i = m - 1; i >= 0; i--)
        {
","/*            If query is of type 2 then function
            call to record_sum*/

            if (query[i][0] == 2)
            {
                record_sum(record, query[i][1] - 1,
                                   query[i][2] - 1, m,
                                   record[i] + 1);
            }
","/*            If query is of type 1 then
            simply add 1 to the record array*/

            else
            {
                record_sum(record, i, i, m, 1);
            }
        }
","/*        for type 1 queries adding the contains of
        record array to the main array record array*/

        for (let i = 0; i < m; i++)
        {
            if (query[i][0] == 1)
            {
                record_sum(arr, query[i][1] - 1,
                                query[i][2] - 1,
                                n, record[i]);
            }
        }
","/*        printing the array*/

        for (let i = 0; i < n; i++)
        {
            document.write(arr[i] + "" "");
        }"
PHP
C
