Largest Sum Contiguous Subarray - GeeksforGeeks,"{'C++': 1, 'Java': 2, 'Python': 2, 'C#': 2, 'PHP': 1, 'Javascript': 2}"
C++,"#include<iostream>
using namespace std;
int maxSubArraySum(int a[], int size)
{
   int max_so_far = a[0];
   int curr_max = a[0];
   for (int i = 1; i < size; i++)
   {
        curr_max = max(a[i], curr_max+a[i]);
        max_so_far = max(max_so_far, curr_max);
   }
   return max_so_far;
}
","/* Driver program to test maxSubArraySum */

int main()
{
   int a[] =  {-2, -3, 4, -1, -2, 1, 5, -3};
   int n = sizeof(a)/sizeof(a[0]);
   int max_sum = maxSubArraySum(a, n);
   cout << ""Maximum contiguous sum is "" << max_sum;
   return 0;
}"
Java,"/*Java program to print largest contiguous
array sum*/

import java.io.*;
class GFG {
    static int maxSubArraySum(int a[], int size)
    {
    int max_so_far = a[0];
    int curr_max = a[0];
    for (int i = 1; i < size; i++)
    {
           curr_max = Math.max(a[i], curr_max+a[i]);
        max_so_far = Math.max(max_so_far, curr_max);
    }
    return max_so_far;
    }
    ","/* Driver program to test maxSubArraySum */

    public static void main(String[] args)
    {
    int a[] = {-2, -3, 4, -1, -2, 1, 5, -3};
    int n = a.length;  
    int max_sum = maxSubArraySum(a, n);
    System.out.println(""Maximum contiguous sum is ""
                       + max_sum);
    }
}"
Python,"'''Python program to find maximum contiguous subarray'''

def maxSubArraySum(a,size):
    max_so_far =a[0]
    curr_max = a[0]
    for i in range(1,size):
        curr_max = max(a[i], curr_max + a[i])
        max_so_far = max(max_so_far,curr_max)
    return max_so_far
","'''Driver function to check the above function'''

a = [-2, -3, 4, -1, -2, 1, 5, -3]
print""Maximum contiguous sum is"" , maxSubArraySum(a,len(a))"
C#,"/*C# program to print largest
contiguous array sum*/

using System;
class GFG
{
    static int maxSubArraySum(int []a, int size)
    {
    int max_so_far = a[0];
    int curr_max = a[0];
    for (int i = 1; i < size; i++)
    {
        curr_max = Math.Max(a[i], curr_max+a[i]);
        max_so_far = Math.Max(max_so_far, curr_max);
    }
    return max_so_far;
    }
","/*    Driver code*/

    public static void Main ()
    {
        int []a = {-2, -3, 4, -1, -2, 1, 5, -3};
        int n = a.Length;
        Console.Write(""Maximum contiguous sum is ""
                           + maxSubArraySum(a, n));
    }
}"
Javascript,"/*C# program to prlet largest
contiguous array sum*/

function maxSubArraySum(a,size)
{
  let max_so_far = a[0];
  let curr_max = a[0];
  for (let i = 1; i < size; i++)
  {
      curr_max = Math.max(a[i], curr_max+a[i]);
      max_so_far = Math.max(max_so_far, curr_max);
  }
return max_so_far;
}
","/*Driver code*/

let a = [-2, -3, 4, -1, -2, 1, 5, -3];
let n = a.length;
document.write(""Maximum contiguous sum is "",maxSubArraySum(a, n));"
PHP,"<?php
function maxSubArraySum($a, $size)
{
    $max_so_far = $a[0];
    $curr_max = $a[0];
    for ($i = 1; $i < $size; $i++)
    {
        $curr_max = max($a[$i],
                        $curr_max + $a[$i]);
        $max_so_far = max($max_so_far,
                          $curr_max);
    }
    return $max_so_far;
}
","/*Driver Code*/

$a = array(-2, -3, 4, -1,
           -2, 1, 5, -3);
$n = sizeof($a);
$max_sum = maxSubArraySum($a, $n);
echo ""Maximum contiguous sum is "" .
                          $max_sum;

?>"
C
