"Find number of pairs (x, y) in an array such that x^y > y^x - GeeksforGeeks"
C++,"long long countPairsBruteForce(long long X[], long long Y[],
                               long long m, long long n)
{
    long long ans = 0;
    for (int i = 0; i < m; i++)
        for (int j = 0; j < n; j++)
            if (pow(X[i], Y[j]) > pow(Y[j], X[i]))
                ans++;
    return ans;
}"
Java,"public static long countPairsBruteForce(long X[], long Y[],
                                        int m, int n)
{
    long ans = 0;
    for (int i = 0; i < m; i++)
        for (int j = 0; j < n; j++)
            if (Math.pow(X[i], Y[j]) > Math.pow(Y[j], X[i]))
                ans++;
    return ans;
}"
Python,"def countPairsBruteForce(X, Y, m, n):
    ans = 0
    for i in range(m):
        for j in range(n):
            if (pow(X[i], Y[j]) > pow(Y[j], X[i])):
                ans += 1
    return ans"
C#,"public static int countPairsBruteForce(int[] X, int[] Y,
                                       int m, int n)
{
    int ans = 0;
    for (int i = 0; i < m; i++)
        for (int j = 0; j < n; j++)
            if (Math.Pow(X[i], Y[j]) > Math.Pow(Y[j], X[i]))
                ans++;
    return ans;
}"
Javascript,"function countPairsBruteForce(X, Y, m, n){
    let ans = 0;
    for(let i=0; i<m; i++ ){
        for(let j=0;j<n;j++){
            if ((Math.pow(X[i], Y[j]) > Math.pow(Y[j], X[i]))){
                ans += 1;
             }
        }
    }
    return ans;
}"
PHP
C
