Find the element that appears once in an array where every other element appears twice - GeeksforGeeks,"{'C++': 4, 'Java': 4, 'Python': 4, 'C#': 4, 'Javascript': 4}"
C++,"/*C++ program to find
element that appears once*/

#include <bits/stdc++.h>
using namespace std;
","/*function which find number*/

int singleNumber(int nums[],int n)
{
    map<int,int> m;
    long sum1 = 0,sum2 = 0;
    for(int i = 0; i < n; i++)
    {
        if(m[nums[i]] == 0)
        {
            sum1 += nums[i];
            m[nums[i]]++;
        }
        sum2 += nums[i];
    }
","/*    applying the formula.*/

    return 2 * (sum1) - sum2;
}
","/*Driver code*/

int main()
{
    int a[] = {2, 3, 5, 4, 5, 3, 4};
    int n = 7;
    cout << singleNumber(a,n) << ""\n"";
    int b[] = {15, 18, 16, 18, 16, 15, 89};
    cout << singleNumber(b,n);
    return 0;
}"
Java,"/*Java program to find
element that appears once*/

import java.io.*;
import java.util.*;
class GFG
{
","/*    function which find number*/

    static int singleNumber(int[] nums, int n)
    {
        HashMap<Integer, Integer> m = new HashMap<>();
        long sum1 = 0, sum2 = 0;
        for (int i = 0; i < n; i++)
        {
            if (!m.containsKey(nums[i]))
            {
                sum1 += nums[i];
                m.put(nums[i], 1);
            }
            sum2 += nums[i];
        }
","/*        applying the formula.*/

        return (int)(2 * (sum1) - sum2);
    }
","/*    Driver code*/

    public static void main(String args[])
    {
        int[] a = {2, 3, 5, 4, 5, 3, 4};
        int n = 7;
        System.out.println(singleNumber(a,n));
        int[] b = {15, 18, 16, 18, 16, 15, 89};
        System.out.println(singleNumber(b,n));
    }
}"
Python,"'''Python3 program to find
element that appears once
'''","'''function which find number'''

def singleNumber(nums):
","'''applying the formula.'''

    return 2 * sum(set(nums)) - sum(nums)
","'''driver code'''

a = [2, 3, 5, 4, 5, 3, 4]
print (int(singleNumber(a)))
a = [15, 18, 16, 18, 16, 15, 89]
print (int(singleNumber(a)))"
C#,"/*C# program to find
element that appears once*/

using System;
using System.Collections.Generic;
class GFG
{
","/*    function which find number*/

    static int singleNumber(int[] nums, int n)
    {
        Dictionary<int,int> m = new Dictionary<int,int>();
        long sum1 = 0, sum2 = 0;
        for (int i = 0; i < n; i++)
        {
            if (!m.ContainsKey(nums[i]))
            {
                sum1 += nums[i];
                m.Add(nums[i], 1);
            }
            sum2 += nums[i];
        }
","/*        applying the formula.*/

        return (int)(2 * (sum1) - sum2);
    }
","/*    Driver code*/

    public static void Main(String []args)
    {
        int[] a = {2, 3, 5, 4, 5, 3, 4};
        int n = 7;
        Console.WriteLine(singleNumber(a,n));
        int[] b = {15, 18, 16, 18, 16, 15, 89};
        Console.WriteLine(singleNumber(b,n));
    }
}"
Javascript,"/*Javascript program to find
element that appears once
    */","/*function which find number*/

    function singleNumber(nums,n)
    {
        let m = new Map();
        let sum1 = 0, sum2 = 0;
        for (let i = 0; i < n; i++)
        {
            if (!m.has(nums[i]))
            {
                sum1 += nums[i];
                m.set(nums[i], 1);
            }
            sum2 += nums[i];
        }
","/*        applying the formula.*/

        return (2 * (sum1) - sum2);
    }
","/*    Driver code*/

    let a=[2, 3, 5, 4, 5, 3, 4];
    let n = 7;
    document.write(singleNumber(a,n)+""<br>"");
    let b=[15, 18, 16, 18, 16, 15, 89];
    document.write(singleNumber(b,n));"
PHP
C
