Print Postorder traversal from given Inorder and Preorder traversals - GeeksforGeeks
C++,"/*C++ program to print Postorder
traversal from given Inorder
and Preorder traversals.*/

#include <iostream>
using namespace std;
int preIndex = 0;
int search(int arr[], int startIn,int endIn, int data)
{
    int i = 0;
    for (i = startIn; i < endIn; i++)
    {
        if (arr[i] == data)
        {
            return i;
        }
    }
    return i;
}
void printPost(int arr[], int pre[],int inStrt, int inEnd)
{
    if (inStrt > inEnd)
    {
        return;
    }
","/*    Find index of next item in preorder
    traversal in inorder.*/

    int inIndex = search(arr, inStrt, inEnd,pre[preIndex++]);
","/*    traverse left tree*/

    printPost(arr, pre, inStrt, inIndex - 1);
","/*    traverse right tree*/

    printPost(arr, pre, inIndex + 1, inEnd);
","/*    print root node at the end of traversal*/

    cout << arr[inIndex] << "" "";
}
","/*Driver code*/

int main()
{
    int arr[] = {4, 2, 5, 1, 3, 6};
    int pre[] = {1, 2, 4, 5, 3, 6};
    int len = sizeof(arr)/sizeof(arr[0]);
    printPost(arr, pre, 0, len - 1);
}"
Java,"/*Java program to print Postorder traversal from given Inorder
and Preorder traversals.*/

public class PrintPost {
    static int preIndex = 0;
    void printPost(int[] in, int[] pre, int inStrt, int inEnd)
    {
        if (inStrt > inEnd)
            return;       
","/*        Find index of next item in preorder traversal in
        inorder.*/

        int inIndex = search(in, inStrt, inEnd, pre[preIndex++]);
","/*        traverse left tree*/

        printPost(in, pre, inStrt, inIndex - 1);
","/*        traverse right tree*/

        printPost(in, pre, inIndex + 1, inEnd);
","/*        print root node at the end of traversal*/

        System.out.print(in[inIndex] + "" "");
    }
    int search(int[] in, int startIn, int endIn, int data)
    {
        int i = 0;
        for (i = startIn; i < endIn; i++)
            if (in[i] == data)
                return i;           
        return i;
    }
","/*    Driver code*/

    public static void main(String ars[])
    {
        int in[] = { 4, 2, 5, 1, 3, 6 };
        int pre[] = { 1, 2, 4, 5, 3, 6 };
        int len = in.length;
        PrintPost tree = new PrintPost();
        tree.printPost(in, pre, 0, len - 1);
    }
}"
Python
C#,"/*C# program to print Postorder
traversal from given Inorder
and Preorder traversals.*/

using System;
class GFG
{
public static int preIndex = 0;
public virtual void printPost(int[] arr, int[] pre,
                              int inStrt, int inEnd)
{
    if (inStrt > inEnd)
    {
        return;
    }
","/*    Find index of next item in preorder
    traversal in inorder.*/

    int inIndex = search(arr, inStrt, inEnd,
                         pre[preIndex++]);
","/*    traverse left tree*/

    printPost(arr, pre, inStrt, inIndex - 1);
","/*    traverse right tree*/

    printPost(arr, pre, inIndex + 1, inEnd);
","/*    print root node at the end of traversal*/

    Console.Write(arr[inIndex] + "" "");
}
public virtual int search(int[] arr, int startIn,
                          int endIn, int data)
{
    int i = 0;
    for (i = startIn; i < endIn; i++)
    {
        if (arr[i] == data)
        {
            return i;
        }
    }
    return i;
}
","/*Driver code*/

public static void Main(string[] ars)
{
    int[] arr = new int[] {4, 2, 5, 1, 3, 6};
    int[] pre = new int[] {1, 2, 4, 5, 3, 6};
    int len = arr.Length;
    GFG tree = new GFG();
    tree.printPost(arr, pre, 0, len - 1);
}
}"
Javascript
PHP
C
