Multistage Graph (Shortest Path) - GeeksforGeeks,"{'C++': 10, 'Java': 10, 'Python': 10, 'C#': 10}"
C++,"/*CPP program to find shortest distance
in a multistage graph.*/

#include<bits/stdc++.h>
using namespace std;
#define N 8
#define INF INT_MAX
","/*Returns shortest distance from 0 to
N-1.*/

int shortestDist(int graph[N][N]) {
","/*    dist[i] is going to store shortest
    distance from node i to node N-1.*/

    int dist[N];
    dist[N-1] = 0;
","/*    Calculating shortest path for
    rest of the nodes*/

    for (int i = N-2 ; i >= 0 ; i--)
    {
","/*        Initialize distance from i to
        destination (N-1)*/

        dist[i] = INF;
","/*        Check all nodes of next stages
        to find shortest distance from
        i to N-1.*/

        for (int j = i ; j < N ; j++)
        {
","/*            Reject if no edge exists*/

            if (graph[i][j] == INF)
                continue;
","/*            We apply recursive equation to
            distance to target through j.
            and compare with minimum distance
            so far.*/

            dist[i] = min(dist[i], graph[i][j] +
                                        dist[j]);
        }
    }
    return dist[0];
}
","/*Driver code*/

int main()
{
","/*    Graph stored in the form of an
    adjacency Matrix*/

    int graph[N][N] =
      {{INF, 1, 2, 5, INF, INF, INF, INF},
       {INF, INF, INF, INF, 4, 11, INF, INF},
       {INF, INF, INF, INF, 9, 5, 16, INF},
       {INF, INF, INF, INF, INF, INF, 2, INF},
       {INF, INF, INF, INF, INF, INF, INF, 18},
       {INF, INF, INF, INF, INF, INF, INF, 13},
       {INF, INF, INF, INF, INF, INF, INF, 2},
      {INF, INF, INF, INF, INF, INF, INF, INF}};
    cout << shortestDist(graph);
    return 0;
}"
Java,"/*Java program to find shortest distance
in a multistage graph.*/

class GFG
{
    static int N = 8;
    static int INF = Integer.MAX_VALUE;
","/*    Returns shortest distance from 0 to
    N-1.*/

    public static int shortestDist(int[][] graph)
    {
","/*        dist[i] is going to store shortest
        distance from node i to node N-1.*/

        int[] dist = new int[N];
        dist[N - 1] = 0;
","/*        Calculating shortest path for
        rest of the nodes*/

        for (int i = N - 2; i >= 0; i--)
        {
","/*            Initialize distance from i to
            destination (N-1)*/

            dist[i] = INF;
","/*            Check all nodes of next stages
            to find shortest distance from
            i to N-1.*/

            for (int j = i; j < N; j++)
            {
","/*                Reject if no edge exists*/

                if (graph[i][j] == INF)
                {
                    continue;
                }
","/*                We apply recursive equation to
                distance to target through j.
                and compare with minimum distance
                so far.*/

                dist[i] = Math.min(dist[i], graph[i][j]
                        + dist[j]);
            }
        }
        return dist[0];
    }
","/*    Driver code*/

    public static void main(String[] args)
    {
","/*        Graph stored in the form of an
        adjacency Matrix*/

        int[][] graph = new int[][]{{INF, 1, 2, 5, INF, INF, INF, INF},
        {INF, INF, INF, INF, 4, 11, INF, INF},
        {INF, INF, INF, INF, 9, 5, 16, INF},
        {INF, INF, INF, INF, INF, INF, 2, INF},
        {INF, INF, INF, INF, INF, INF, INF, 18},
        {INF, INF, INF, INF, INF, INF, INF, 13},
        {INF, INF, INF, INF, INF, INF, INF, 2}};
        System.out.println(shortestDist(graph));
    }
}"
Python,"'''Python3 program to find shortest
distance in a multistage graph.
'''","'''Returns shortest distance from
0 to N-1.'''

def shortestDist(graph):
    global INF
","'''    dist[i] is going to store shortest
    distance from node i to node N-1.'''

    dist = [0] * N
    dist[N - 1] = 0
","'''    Calculating shortest path
    for rest of the nodes'''

    for i in range(N - 2, -1, -1):
","'''        Initialize distance from 
        i to destination (N-1)'''

        dist[i] = INF
","'''        Check all nodes of next stages
        to find shortest distance from
        i to N-1.'''

        for j in range(N):
","'''            Reject if no edge exists'''

            if graph[i][j] == INF:
                continue
","'''            We apply recursive equation to
            distance to target through j.
            and compare with minimum
            distance so far.'''

            dist[i] = min(dist[i],
                          graph[i][j] + dist[j])
    return dist[0]
","'''Driver code'''

N = 8
INF = 999999999999
","'''Graph stored in the form of an
adjacency Matrix'''

graph = [[INF, 1, 2, 5, INF, INF, INF, INF],
         [INF, INF, INF, INF, 4, 11, INF, INF],
         [INF, INF, INF, INF, 9, 5, 16, INF],
         [INF, INF, INF, INF, INF, INF, 2, INF],
         [INF, INF, INF, INF, INF, INF, INF, 18],
         [INF, INF, INF, INF, INF, INF, INF, 13],
         [INF, INF, INF, INF, INF, INF, INF, 2]]
print(shortestDist(graph))"
C#,"/*C# program to find shortest distance
in a multistage graph.*/

using System;
class GFG
{
    static int N = 8;
    static int INF = int.MaxValue;
","/*    Returns shortest distance from 0 to
    N-1.*/

    public static int shortestDist(int[,] graph) {
","/*        dist[i] is going to store shortest
        distance from node i to node N-1.*/

        int[] dist = new int[N];
        dist[N-1] = 0;
","/*        Calculating shortest path for
        rest of the nodes*/

        for (int i = N-2 ; i >= 0 ; i--)
        {
","/*            Initialize distance from i to
            destination (N-1)*/

            dist[i] = INF;
","/*            Check all nodes of next stages
            to find shortest distance from
            i to N-1.*/

            for (int j = i ; j < N ; j++)
            {
","/*                Reject if no edge exists*/

                if (graph[i,j] == INF)
                    continue;
","/*                We apply recursive equation to
                distance to target through j.
                and compare with minimum distance 
                so far.*/

                dist[i] = Math.Min(dist[i], graph[i,j] +
                                            dist[j]);
            }
        }
        return dist[0];
    }
","/*    Driver code*/

    static void Main()
    {
","/*        Graph stored in the form of an
        adjacency Matrix*/

        int[,] graph = new int[,]
          {{INF, 1, 2, 5, INF, INF, INF, INF},
           {INF, INF, INF, INF, 4, 11, INF, INF},
           {INF, INF, INF, INF, 9, 5, 16, INF},
           {INF, INF, INF, INF, INF, INF, 2, INF},
           {INF, INF, INF, INF, INF, INF, INF, 18},
           {INF, INF, INF, INF, INF, INF, INF, 13},
           {INF, INF, INF, INF, INF, INF, INF, 2}};
        Console.Write(shortestDist(graph));
    }
}"
Javascript
PHP
C
