Print K'th element in spiral form of matrix - GeeksforGeeks
C++,"/*C++ program for Kth element in spiral
form of matrix*/

#include <bits/stdc++.h>
#define MAX 100
using namespace std;
","/* function for Kth element */

int findK(int A[MAX][MAX], int n, int m, int k)
{
    if (n < 1 || m < 1)
        return -1;
    ","/*....If element is in outermost ring ....*/

    ","/* Element is in first row */

    if (k <= m)
        return A[0][k - 1];
    ","/* Element is in last column */

    if (k <= (m + n - 1))
        return A[(k - m)][m - 1];
    ","/* Element is in last row */

    if (k <= (m + n - 1 + m - 1))
        return A[n - 1][m - 1 - (k - (m + n - 1))];
    ","/* Element is in first column */

    if (k <= (m + n - 1 + m - 1 + n - 2))
        return A[n - 1 - (k - (m + n - 1 + m - 1))][0];
    ","/*....If element is NOT in outermost ring ....*/

    ","/* Recursion for sub-matrix. &A[1][1] is
    address to next inside sub matrix.*/

    return findK((int(*)[MAX])(&(A[1][1])), n - 2,
                 m - 2, k - (2 * n + 2 * m - 4));
}
","/* Driver code */

int main()
{
    int a[MAX][MAX] = { { 1, 2, 3, 4, 5, 6 },
                        { 7, 8, 9, 10, 11, 12 },
                        { 13, 14, 15, 16, 17, 18 } };
    int k = 17;
    cout << findK(a, 3, 6, k) << endl;
    return 0;
}"
Java,"/*Java program for Kth element in spiral
form of matrix*/

class GFG {
    static int MAX = 100;
    ","/* function for Kth element */

    static int findK(int A[][], int i, int j,
                     int n, int m, int k)
    {
        if (n < 1 || m < 1)
            return -1;
        ","/*.....If element is in outermost ring ....*/

        ","/* Element is in first row */

        if (k <= m)
            return A[i + 0][j + k - 1];
        ","/* Element is in last column */

        if (k <= (m + n - 1))
            return A[i + (k - m)][j + m - 1];
        ","/* Element is in last row */

        if (k <= (m + n - 1 + m - 1))
            return A[i + n - 1][j + m - 1 - (k - (m + n - 1))];
        ","/* Element is in first column */

        if (k <= (m + n - 1 + m - 1 + n - 2))
            return A[i + n - 1 - (k - (m + n - 1 + m - 1))][j + 0];
        ","/*.....If element is NOT in outermost ring ....*/

        ","/* Recursion for sub-matrix. &A[1][1] is
    address to next inside sub matrix.*/

        return findK(A, i + 1, j + 1, n - 2,
                     m - 2, k - (2 * n + 2 * m - 4));
    }
    ","/* Driver code */

    public static void main(String args[])
    {
        int a[][] = { { 1, 2, 3, 4, 5, 6 },
                      { 7, 8, 9, 10, 11, 12 },
                      { 13, 14, 15, 16, 17, 18 } };
        int k = 17;
        System.out.println(findK(a, 0, 0, 3, 6, k));
    }
}"
Python,"'''Python3 program for Kth element in spiral
form of matrix'''

MAX = 100
","''' function for Kth element '''

def findK(A, n, m, k):
    if (n < 1 or m < 1):
        return -1
    ","'''....If element is in outermost ring ....'''

    ","''' Element is in first row '''

    if (k <= m):
        return A[0][k - 1]
    ","''' Element is in last column '''

    if (k <= (m + n - 1)):
        return A[(k - m)][m - 1]
    ","''' Element is in last row '''

    if (k <= (m + n - 1 + m - 1)):
        return A[n - 1][m - 1 - (k - (m + n - 1))]
    ","''' Element is in first column '''

    if (k <= (m + n - 1 + m - 1 + n - 2)):
        return A[n - 1 - (k - (m + n - 1 + m - 1))][0]
    ","'''....If element is NOT in outermost ring ....'''

    ","''' Recursion for sub-matrix. &A[1][1] is
    address to next inside sub matrix.'''

    A.pop(0)
    [j.pop(0) for j in A]
    return findK(A, n - 2, m - 2, k - (2 * n + 2 * m - 4))
","''' Driver code '''

a = [[1, 2, 3, 4, 5, 6],[7, 8, 9, 10, 11, 12 ],
    [ 13, 14, 15, 16, 17, 18 ]]
k = 17
print(findK(a, 3, 6, k))"
C#,"/*C# program for Kth element in spiral
form of matrix*/

using System;
class GFG
{
  ","/* function for Kth element */

  static int findK(int[,] A, int i, int j,
                   int n, int m, int k)
  {
    if (n < 1 || m < 1)
      return -1;
    ","/*.....If element is in outermost ring ....*/

    ","/* Element is in first row */

    if (k <= m)
      return A[i + 0, j + k - 1];
    ","/* Element is in last column */

    if (k <= (m + n - 1))
      return A[i + (k - m), j + m - 1];
    ","/* Element is in last row */

    if (k <= (m + n - 1 + m - 1))
      return A[i + n - 1, j + m - 1 - (k - (m + n - 1))];
    ","/* Element is in first column */

    if (k <= (m + n - 1 + m - 1 + n - 2))
      return A[i + n - 1 - (k - (m + n - 1 + m - 1)), j + 0];
    ","/*.....If element is NOT in outermost ring ....*/

    ","/* Recursion for sub-matrix. &A[1][1] is
    address to next inside sub matrix.*/

    return findK(A, i + 1, j + 1, n - 2,
                 m - 2, k - (2 * n + 2 * m - 4));
  }
","/*  Driver code*/

  static void Main()
  {
    int[,] a = { { 1, 2, 3, 4, 5, 6 },
                { 7, 8, 9, 10, 11, 12 },
                { 13, 14, 15, 16, 17, 18 } };
    int k = 17;
    Console.WriteLine(findK(a, 0, 0, 3, 6, k));
  }
}"
Javascript,"/*JavaScript program for Kth element in spiral
form of matrix*/

let MAX = 100;
    ","/* function for Kth element */

    function findK(A,i,j,n,m,k)
    {
        if (n < 1 || m < 1)
            return -1;
        ","/*.....If element is in outermost ring ....*/

        ","/* Element is in first row */

        if (k <= m)
            return A[i + 0][j + k - 1];
        ","/* Element is in last column */

        if (k <= (m + n - 1))
            return A[i + (k - m)][j + m - 1];
        ","/* Element is in last row */

        if (k <= (m + n - 1 + m - 1))
            return A[i + n - 1][j + m - 1 - (k - (m + n - 1))];
        ","/* Element is in first column */

        if (k <= (m + n - 1 + m - 1 + n - 2))
            return A[i + n - 1 - (k - (m + n - 1 + m - 1))][j + 0];
        ","/*.....If element is NOT in outermost ring ....*/

        ","/* Recursion for sub-matrix. &A[1][1] is
    address to next inside sub matrix.*/

        return findK(A, i + 1, j + 1, n - 2,
                    m - 2, k - (2 * n + 2 * m - 4));
    }
    ","/* Driver code */

        let a = [[ 1, 2, 3, 4, 5, 6 ],
                    [ 7, 8, 9, 10, 11, 12 ],
                    [ 13, 14, 15, 16, 17, 18 ]];
        let k = 17;
        document.write(findK(a, 0, 0, 3, 6, k));"
PHP
C
